-- FluentMap seed (AUTO-GENERATED by scripts/gen-seeds.ts — do not edit).
-- Regenerate with:  npx tsx scripts/gen-seeds.ts

-- languages
-- AUTO-GENERATED from packages/core by scripts/gen-seeds.ts — do not edit by hand.
insert into languages (code, native_name, greeting, encouragement, correction_label) values
  ('Hindi', 'हिन्दी', 'नमस्ते!', 'आप बहुत अच्छा कर रहे हैं!', 'सुधार'),
  ('Tamil', 'தமிழ்', 'வணக்கம்!', 'நீங்கள் நன்றாக செய்கிறீர்கள்!', 'திருத்தம்'),
  ('Telugu', 'తెలుగు', 'నమస్కారం!', 'మీరు చాలా బాగా చేస్తున్నారు!', 'సరిచేయడం'),
  ('Kannada', 'ಕನ್ನಡ', 'ನಮಸ್ಕಾರ!', 'ನೀವು ಚೆನ್ನಾಗಿ ಮಾಡುತ್ತಿದ್ದೀರಿ!', 'ತಿದ್ದುಪಡಿ'),
  ('Malayalam', 'മലയാളം', 'നമസ്കാരം!', 'നിങ്ങൾ നന്നായി ചെയ്യുന്നു!', 'തിരുത്തൽ')
on conflict (code) do update set
  native_name = excluded.native_name, greeting = excluded.greeting,
  encouragement = excluded.encouragement, correction_label = excluded.correction_label;

-- skills
-- AUTO-GENERATED from packages/core by scripts/gen-seeds.ts — do not edit by hand.
insert into skills (id, family, label, cefr, cluster, difficulty, prerequisites, exemplar, detectors) values
  ('gr.present_simple', 'grammar', 'Present simple', 'A1', 'Tenses', 0.1, ARRAY[]::text[], 'I work in a bank.', '[]'::jsonb),
  ('gr.present_continuous', 'grammar', 'Present continuous', 'A1', 'Tenses', 0.15, ARRAY['gr.present_simple']::text[], 'I am working now.', '[]'::jsonb),
  ('gr.past_simple', 'grammar', 'Past simple', 'A2', 'Tenses', 0.25, ARRAY['gr.present_simple']::text[], 'I worked yesterday.', '[]'::jsonb),
  ('gr.past_continuous', 'grammar', 'Past continuous', 'A2', 'Tenses', 0.3, ARRAY['gr.past_simple']::text[], 'I was working at 9 pm.', '[]'::jsonb),
  ('gr.present_perfect', 'grammar', 'Present perfect', 'B1', 'Tenses', 0.45, ARRAY['gr.past_simple','gr.present_simple']::text[], 'I have lived here for five years.', '[]'::jsonb),
  ('gr.present_perfect_continuous', 'grammar', 'Present perfect continuous', 'B2', 'Tenses', 0.62, ARRAY['gr.present_perfect']::text[], 'I have been waiting for an hour.', '[]'::jsonb),
  ('gr.past_perfect', 'grammar', 'Past perfect', 'B2', 'Tenses', 0.65, ARRAY['gr.past_simple','gr.present_perfect']::text[], 'The bus had left before I arrived.', '[]'::jsonb),
  ('gr.future_will', 'grammar', 'Future with will', 'A2', 'Tenses', 0.28, ARRAY['gr.present_simple']::text[], 'I will call you tomorrow.', '[]'::jsonb),
  ('gr.future_going_to', 'grammar', 'Future with going to', 'A2', 'Tenses', 0.3, ARRAY['gr.present_continuous']::text[], 'I am going to start a course.', '[]'::jsonb),
  ('gr.future_continuous', 'grammar', 'Future continuous', 'B2', 'Tenses', 0.63, ARRAY['gr.future_will','gr.present_continuous']::text[], 'I will be travelling next week.', '[]'::jsonb),
  ('gr.articles', 'grammar', 'Articles (a / an / the)', 'A1', 'Articles & determiners', 0.18, ARRAY[]::text[], 'I am a doctor.', '[]'::jsonb),
  ('gr.zero_article', 'grammar', 'Zero article', 'B1', 'Articles & determiners', 0.42, ARRAY['gr.articles']::text[], 'Life is short.', '[]'::jsonb),
  ('gr.demonstratives', 'grammar', 'Demonstratives (this/that/these/those)', 'A1', 'Articles & determiners', 0.12, ARRAY[]::text[], 'This is my bag.', '[]'::jsonb),
  ('gr.quantifiers', 'grammar', 'Quantifiers (some/any/much/many)', 'A2', 'Articles & determiners', 0.3, ARRAY[]::text[], 'I have some questions.', '[]'::jsonb),
  ('gr.possessives', 'grammar', 'Possessives (my/your/his)', 'A1', 'Articles & determiners', 0.14, ARRAY[]::text[], 'That is her phone.', '[]'::jsonb),
  ('gr.prep_time', 'grammar', 'Prepositions of time (in/on/at)', 'A2', 'Prepositions', 0.26, ARRAY[]::text[], 'The meeting is at 3 pm on Monday.', '[]'::jsonb),
  ('gr.prep_place', 'grammar', 'Prepositions of place (in/on/at)', 'A1', 'Prepositions', 0.18, ARRAY[]::text[], 'The keys are on the table.', '[]'::jsonb),
  ('gr.prep_movement', 'grammar', 'Prepositions of movement (to/into/through)', 'A2', 'Prepositions', 0.3, ARRAY[]::text[], 'I walked to the station.', '[]'::jsonb),
  ('gr.prep_dependent', 'grammar', 'Dependent prepositions (depend on, good at)', 'B2', 'Prepositions', 0.68, ARRAY[]::text[], 'It depends on the weather.', '[]'::jsonb),
  ('gr.word_order', 'grammar', 'Word order (Subject-Verb-Object)', 'A1', 'Sentence structure', 0.16, ARRAY[]::text[], 'I speak English.', '[]'::jsonb),
  ('gr.subject_verb_agreement', 'grammar', 'Subject-verb agreement', 'A2', 'Sentence structure', 0.3, ARRAY['gr.present_simple']::text[], 'She works hard.', '[]'::jsonb),
  ('gr.there_is_are', 'grammar', 'There is / there are', 'A1', 'Sentence structure', 0.15, ARRAY[]::text[], 'There are two options.', '[]'::jsonb),
  ('gr.question_formation', 'grammar', 'Question formation', 'A1', 'Sentence structure', 0.2, ARRAY[]::text[], 'Where do you work?', '[]'::jsonb),
  ('gr.negation', 'grammar', 'Negation', 'A1', 'Sentence structure', 0.18, ARRAY[]::text[], 'I don''t agree.', '[]'::jsonb),
  ('gr.countability', 'grammar', 'Countable & uncountable nouns', 'A2', 'Sentence structure', 0.32, ARRAY[]::text[], 'I need some information.', '[]'::jsonb),
  ('gr.modal_ability', 'grammar', 'Modals of ability (can/could)', 'A1', 'Modals', 0.18, ARRAY[]::text[], 'I can drive.', '[]'::jsonb),
  ('gr.modal_permission', 'grammar', 'Modals of permission (can/may)', 'A2', 'Modals', 0.3, ARRAY[]::text[], 'May I come in?', '[]'::jsonb),
  ('gr.modal_obligation', 'grammar', 'Modals of obligation (must/have to)', 'B1', 'Modals', 0.44, ARRAY[]::text[], 'I have to leave now.', '[]'::jsonb),
  ('gr.modal_possibility', 'grammar', 'Modals of possibility (might/could)', 'B1', 'Modals', 0.48, ARRAY[]::text[], 'It might rain later.', '[]'::jsonb),
  ('gr.modal_advice', 'grammar', 'Modals of advice (should/ought to)', 'B1', 'Modals', 0.45, ARRAY[]::text[], 'You should rest.', '[]'::jsonb),
  ('gr.conditional_zero', 'grammar', 'Zero conditional', 'A2', 'Conditionals', 0.34, ARRAY['gr.present_simple']::text[], 'If you heat ice, it melts.', '[]'::jsonb),
  ('gr.conditional_first', 'grammar', 'First conditional', 'B1', 'Conditionals', 0.46, ARRAY['gr.future_will','gr.present_simple']::text[], 'If it rains, I will stay home.', '[]'::jsonb),
  ('gr.conditional_second', 'grammar', 'Second conditional', 'B2', 'Conditionals', 0.64, ARRAY['gr.past_simple']::text[], 'If I had time, I would travel.', '[]'::jsonb),
  ('gr.conditional_third', 'grammar', 'Third conditional', 'C1', 'Conditionals', 0.82, ARRAY['gr.past_perfect']::text[], 'If I had known, I would have called.', '[]'::jsonb),
  ('gr.gerund_infinitive', 'grammar', 'Gerund vs infinitive', 'B1', 'Verb patterns', 0.5, ARRAY[]::text[], 'I enjoy reading; I want to learn.', '[]'::jsonb),
  ('gr.phrasal_verbs', 'grammar', 'Phrasal verbs', 'B1', 'Verb patterns', 0.52, ARRAY[]::text[], 'Please turn off the light.', '[]'::jsonb),
  ('gr.stative_verbs', 'grammar', 'Stative verbs', 'A2', 'Verb patterns', 0.33, ARRAY['gr.present_continuous']::text[], 'I know the answer.', '[]'::jsonb),
  ('gr.passive_voice', 'grammar', 'Passive voice', 'B2', 'Verb patterns', 0.66, ARRAY['gr.past_simple','gr.present_perfect']::text[], 'The report was sent yesterday.', '[]'::jsonb),
  ('gr.reported_speech', 'grammar', 'Reported speech', 'B2', 'Verb patterns', 0.68, ARRAY['gr.past_simple']::text[], 'She said she was busy.', '[]'::jsonb),
  ('gr.comparatives', 'grammar', 'Comparatives', 'A2', 'Comparison', 0.28, ARRAY[]::text[], 'This is cheaper than that.', '[]'::jsonb),
  ('gr.superlatives', 'grammar', 'Superlatives', 'A2', 'Comparison', 0.32, ARRAY['gr.comparatives']::text[], 'It is the best option.', '[]'::jsonb),
  ('gr.coordinating_conjunctions', 'grammar', 'Coordinating conjunctions (and/but/so)', 'A2', 'Connectors', 0.26, ARRAY[]::text[], 'I tried, but it failed.', '[]'::jsonb),
  ('gr.subordinating_conjunctions', 'grammar', 'Subordinating conjunctions (because/although)', 'B1', 'Connectors', 0.48, ARRAY[]::text[], 'I left because I was tired.', '[]'::jsonb),
  ('gr.relative_clauses', 'grammar', 'Relative clauses (who/which/that)', 'B1', 'Connectors', 0.52, ARRAY['gr.question_formation']::text[], 'The man who called is my boss.', '[]'::jsonb),
  ('gr.imperatives', 'grammar', 'Imperatives', 'A1', 'Sentence structure', 0.14, ARRAY[]::text[], 'Please sit down.', '[]'::jsonb),
  ('fn.greetings', 'function', 'Greetings', 'A1', 'Social functions', 0.08, ARRAY[]::text[], 'Good morning! How are you?', '[]'::jsonb),
  ('fn.self_intro', 'function', 'Introducing yourself', 'A1', 'Social functions', 0.12, ARRAY[]::text[], 'Hi, I am Ravi from Chennai.', '[]'::jsonb),
  ('fn.small_talk', 'function', 'Small talk', 'A2', 'Social functions', 0.3, ARRAY[]::text[], 'How was your weekend?', '[]'::jsonb),
  ('fn.leave_taking', 'function', 'Closing a conversation', 'A1', 'Social functions', 0.12, ARRAY[]::text[], 'It was nice talking to you.', '[]'::jsonb),
  ('fn.express_gratitude', 'function', 'Expressing gratitude', 'A1', 'Social functions', 0.1, ARRAY[]::text[], 'Thank you so much for your help.', '[]'::jsonb),
  ('fn.apologize', 'function', 'Apologising', 'A2', 'Social functions', 0.28, ARRAY[]::text[], 'I am sorry for the delay.', '[]'::jsonb),
  ('fn.make_requests', 'function', 'Making requests', 'A2', 'Getting things done', 0.3, ARRAY[]::text[], 'Could you please repeat that?', '[]'::jsonb),
  ('fn.ask_for_help', 'function', 'Asking for help', 'A1', 'Getting things done', 0.18, ARRAY[]::text[], 'Can you help me with this?', '[]'::jsonb),
  ('fn.give_directions', 'function', 'Giving directions', 'A2', 'Getting things done', 0.34, ARRAY[]::text[], 'Go straight and turn left.', '[]'::jsonb),
  ('fn.make_suggestions', 'function', 'Making suggestions', 'B1', 'Getting things done', 0.44, ARRAY[]::text[], 'Why don''t we meet at noon?', '[]'::jsonb),
  ('fn.complain_politely', 'function', 'Complaining politely', 'B2', 'Getting things done', 0.66, ARRAY[]::text[], 'I am afraid there is a problem with my order.', '[]'::jsonb),
  ('fn.check_understanding', 'function', 'Checking understanding', 'A2', 'Getting things done', 0.3, ARRAY[]::text[], 'Do you mean the morning slot?', '[]'::jsonb),
  ('fn.give_opinion', 'function', 'Giving an opinion', 'B1', 'Opinions & discussion', 0.42, ARRAY[]::text[], 'In my opinion, remote work helps.', '[]'::jsonb),
  ('fn.justify_opinion', 'function', 'Justifying an opinion', 'B1', 'Opinions & discussion', 0.5, ARRAY['fn.give_opinion']::text[], 'I think so because it saves time.', '[]'::jsonb),
  ('fn.agree', 'function', 'Agreeing', 'A2', 'Opinions & discussion', 0.3, ARRAY[]::text[], 'That is a good point.', '[]'::jsonb),
  ('fn.disagree_politely', 'function', 'Disagreeing politely', 'B1', 'Opinions & discussion', 0.52, ARRAY['fn.give_opinion']::text[], 'I see your point, but I disagree.', '[]'::jsonb),
  ('fn.express_preference', 'function', 'Expressing preference', 'A2', 'Opinions & discussion', 0.34, ARRAY[]::text[], 'I would rather take the bus.', '[]'::jsonb),
  ('fn.compare_options', 'function', 'Comparing options', 'B1', 'Opinions & discussion', 0.5, ARRAY[]::text[], 'The first plan is better value.', '[]'::jsonb),
  ('fn.hedge', 'function', 'Hedging / softening', 'B2', 'Opinions & discussion', 0.7, ARRAY[]::text[], 'It might be a good idea, perhaps.', '[]'::jsonb),
  ('fn.clarify', 'function', 'Clarifying', 'A2', 'Managing conversation', 0.32, ARRAY[]::text[], 'Sorry, could you clarify that?', '[]'::jsonb),
  ('fn.paraphrase', 'function', 'Paraphrasing', 'B2', 'Managing conversation', 0.64, ARRAY['fn.clarify']::text[], 'So what you mean is...', '[]'::jsonb),
  ('fn.interrupt_politely', 'function', 'Interrupting politely', 'B1', 'Managing conversation', 0.52, ARRAY[]::text[], 'Sorry to interrupt, but...', '[]'::jsonb),
  ('fn.turn_take', 'function', 'Taking turns', 'B1', 'Managing conversation', 0.46, ARRAY[]::text[], 'Go ahead, please.', '[]'::jsonb),
  ('fn.repair', 'function', 'Self-repair', 'B1', 'Managing conversation', 0.48, ARRAY[]::text[], 'I mean, I went there last week.', '[]'::jsonb),
  ('fn.tag_questions', 'function', 'Tag questions', 'A2', 'Managing conversation', 0.33, ARRAY['gr.question_formation']::text[], 'You''re coming, aren''t you?', '[]'::jsonb),
  ('fn.narrate_past_event', 'function', 'Narrating a past event', 'B1', 'Extended speaking', 0.48, ARRAY['gr.past_simple']::text[], 'Last year I attended an interview...', '[]'::jsonb),
  ('fn.describe_person', 'function', 'Describing a person', 'A2', 'Extended speaking', 0.32, ARRAY[]::text[], 'My manager is calm and helpful.', '[]'::jsonb),
  ('fn.describe_place', 'function', 'Describing a place', 'A2', 'Extended speaking', 0.32, ARRAY[]::text[], 'My town is small but busy.', '[]'::jsonb),
  ('fn.summarize', 'function', 'Summarising', 'B2', 'Extended speaking', 0.64, ARRAY[]::text[], 'To sum up, we agreed on two points.', '[]'::jsonb),
  ('fn.signpost_presentation', 'function', 'Signposting a presentation', 'B2', 'Extended speaking', 0.7, ARRAY['fn.summarize']::text[], 'First I will cover... then...', '[]'::jsonb),
  ('fn.telephone_open_close', 'function', 'Opening & closing a phone call', 'A2', 'Extended speaking', 0.34, ARRAY[]::text[], 'Hello, this is Priya from support.', '[]'::jsonb),
  ('lex.daily_routine', 'lexis', 'Daily routine vocabulary', 'A1', 'Vocabulary clusters', 0.12, ARRAY[]::text[], 'I wake up at six and get ready.', '[]'::jsonb),
  ('lex.family', 'lexis', 'Family vocabulary', 'A1', 'Vocabulary clusters', 0.1, ARRAY[]::text[], 'I live with my parents and sister.', '[]'::jsonb),
  ('lex.food', 'lexis', 'Food & dining vocabulary', 'A1', 'Vocabulary clusters', 0.14, ARRAY[]::text[], 'I would like a masala dosa, please.', '[]'::jsonb),
  ('lex.shopping_money', 'lexis', 'Shopping & money vocabulary', 'A2', 'Vocabulary clusters', 0.28, ARRAY[]::text[], 'How much does this cost?', '[]'::jsonb),
  ('lex.travel_directions', 'lexis', 'Travel & directions vocabulary', 'A2', 'Vocabulary clusters', 0.3, ARRAY[]::text[], 'Which platform is the train on?', '[]'::jsonb),
  ('lex.workplace', 'lexis', 'Workplace vocabulary', 'B1', 'Vocabulary clusters', 0.46, ARRAY[]::text[], 'I will send the deck after the standup.', '[]'::jsonb),
  ('lex.interview', 'lexis', 'Job interview vocabulary', 'B1', 'Vocabulary clusters', 0.5, ARRAY[]::text[], 'My key strength is problem solving.', '[]'::jsonb),
  ('lex.customer_support', 'lexis', 'Customer support vocabulary', 'B1', 'Vocabulary clusters', 0.48, ARRAY[]::text[], 'May I place you on a short hold?', '[]'::jsonb),
  ('lex.telephone', 'lexis', 'Telephone vocabulary', 'A2', 'Vocabulary clusters', 0.34, ARRAY[]::text[], 'Could you speak a little louder?', '[]'::jsonb),
  ('lex.health', 'lexis', 'Health vocabulary', 'A2', 'Vocabulary clusters', 0.32, ARRAY[]::text[], 'I have a headache since morning.', '[]'::jsonb),
  ('lex.emotions', 'lexis', 'Emotions vocabulary', 'A2', 'Vocabulary clusters', 0.3, ARRAY[]::text[], 'I felt nervous before the test.', '[]'::jsonb),
  ('lex.numbers_time', 'lexis', 'Numbers & time vocabulary', 'A1', 'Vocabulary clusters', 0.1, ARRAY[]::text[], 'The class starts at quarter past nine.', '[]'::jsonb),
  ('lex.weather', 'lexis', 'Weather vocabulary', 'A1', 'Vocabulary clusters', 0.14, ARRAY[]::text[], 'It is hot and humid today.', '[]'::jsonb),
  ('lex.education', 'lexis', 'Education vocabulary', 'A2', 'Vocabulary clusters', 0.3, ARRAY[]::text[], 'I completed my degree in commerce.', '[]'::jsonb),
  ('lex.technology', 'lexis', 'Technology vocabulary', 'B1', 'Vocabulary clusters', 0.48, ARRAY[]::text[], 'The app crashed after the update.', '[]'::jsonb),
  ('lex.banking', 'lexis', 'Banking vocabulary', 'B1', 'Vocabulary clusters', 0.5, ARRAY[]::text[], 'I want to open a savings account.', '[]'::jsonb),
  ('lex.transport', 'lexis', 'Transport vocabulary', 'A2', 'Vocabulary clusters', 0.28, ARRAY[]::text[], 'The auto fare is metered.', '[]'::jsonb),
  ('lex.hobbies', 'lexis', 'Hobbies vocabulary', 'A1', 'Vocabulary clusters', 0.16, ARRAY[]::text[], 'In my free time I play cricket.', '[]'::jsonb),
  ('lex.clothing', 'lexis', 'Clothing vocabulary', 'A1', 'Vocabulary clusters', 0.16, ARRAY[]::text[], 'I am looking for a cotton shirt.', '[]'::jsonb),
  ('lex.housing', 'lexis', 'Housing vocabulary', 'A2', 'Vocabulary clusters', 0.3, ARRAY[]::text[], 'The flat has two bedrooms.', '[]'::jsonb),
  ('lex.meetings', 'lexis', 'Meetings vocabulary', 'B2', 'Vocabulary clusters', 0.66, ARRAY[]::text[], 'Let us park that and move on.', '[]'::jsonb),
  ('lex.sales', 'lexis', 'Sales vocabulary', 'B2', 'Vocabulary clusters', 0.66, ARRAY[]::text[], 'This plan offers the best value for you.', '[]'::jsonb),
  ('lex.email_to_speech', 'lexis', 'Turning email into speech', 'B2', 'Vocabulary clusters', 0.64, ARRAY[]::text[], 'I am calling to follow up on my email.', '[]'::jsonb),
  ('lex.government_office', 'lexis', 'Government office vocabulary', 'B1', 'Vocabulary clusters', 0.5, ARRAY[]::text[], 'I need to renew my license.', '[]'::jsonb),
  ('lex.social_media', 'lexis', 'Social & online vocabulary', 'A2', 'Vocabulary clusters', 0.3, ARRAY[]::text[], 'I will share the link in the group.', '[]'::jsonb),
  ('ph.v_w_distinction', 'phoneme', 'Distinguishing /v/ and /w/', 'A2', 'Consonant sounds', 0.3, ARRAY[]::text[], 'very vs water', '[]'::jsonb),
  ('ph.theta_voiceless', 'phoneme', 'Voiceless TH /θ/', 'B1', 'Consonant sounds', 0.44, ARRAY[]::text[], 'think, three, month', '[]'::jsonb),
  ('ph.eth_voiced', 'phoneme', 'Voiced TH /ð/', 'B1', 'Consonant sounds', 0.46, ARRAY[]::text[], 'this, that, mother', '[]'::jsonb),
  ('ph.z_s', 'phoneme', 'Distinguishing /z/ and /s/', 'A2', 'Consonant sounds', 0.34, ARRAY[]::text[], 'zip vs sip', '[]'::jsonb),
  ('ph.zh', 'phoneme', 'The /ʒ/ sound', 'B2', 'Consonant sounds', 0.64, ARRAY[]::text[], 'vision, measure', '[]'::jsonb),
  ('ph.retroflex_t_d', 'phoneme', 'Alveolar (not retroflex) /t/ /d/', 'A2', 'Consonant sounds', 0.36, ARRAY[]::text[], 'time, day', '[]'::jsonb),
  ('ph.ship_sheep', 'phoneme', 'Short /ɪ/ vs long /iː/', 'A2', 'Vowel sounds', 0.34, ARRAY[]::text[], 'ship vs sheep', '[]'::jsonb),
  ('ph.cat_cut', 'phoneme', 'Distinguishing /æ/ and /ʌ/', 'A2', 'Vowel sounds', 0.34, ARRAY[]::text[], 'cat vs cut', '[]'::jsonb),
  ('ph.schwa', 'phoneme', 'The schwa /ə/', 'B1', 'Vowel sounds', 0.5, ARRAY[]::text[], 'about, banana', '[]'::jsonb),
  ('ph.cluster_initial', 'phoneme', 'Initial consonant clusters', 'B1', 'Connected speech', 0.48, ARRAY[]::text[], 'school (not is-school)', '[]'::jsonb),
  ('ph.cluster_final', 'phoneme', 'Final consonant clusters', 'B1', 'Connected speech', 0.5, ARRAY[]::text[], 'asked, texts', '[]'::jsonb),
  ('ph.p_f', 'phoneme', 'Distinguishing /p/ and /f/', 'A2', 'Consonant sounds', 0.32, ARRAY[]::text[], 'pan vs fan', '[]'::jsonb),
  ('ph.sh_s', 'phoneme', 'Distinguishing /ʃ/ and /s/', 'A2', 'Consonant sounds', 0.34, ARRAY[]::text[], 'she vs see', '[]'::jsonb),
  ('ph.word_stress', 'phoneme', 'Word stress', 'B1', 'Stress & rhythm', 0.5, ARRAY[]::text[], 'PHO-to-graph vs pho-TO-gra-phy', '[]'::jsonb),
  ('ph.sentence_stress', 'phoneme', 'Sentence stress', 'B2', 'Stress & rhythm', 0.64, ARRAY[]::text[], 'I NEVER said that.', '[]'::jsonb),
  ('ph.rhythm_stress_timed', 'phoneme', 'Stress-timed rhythm', 'B2', 'Stress & rhythm', 0.7, ARRAY[]::text[], 'reducing weak syllables', '[]'::jsonb),
  ('ph.final_consonant_voicing', 'phoneme', 'Final consonant voicing', 'B1', 'Connected speech', 0.48, ARRAY[]::text[], 'bag (not back)', '[]'::jsonb),
  ('ph.silent_letters', 'phoneme', 'Silent letters', 'A2', 'Consonant sounds', 0.34, ARRAY[]::text[], 'know, hour, half', '[]'::jsonb),
  ('ph.intonation_questions', 'phoneme', 'Question intonation', 'B1', 'Stress & rhythm', 0.46, ARRAY[]::text[], 'rising tone on yes/no questions', '[]'::jsonb),
  ('ph.linking', 'phoneme', 'Linking & connected speech', 'B2', 'Connected speech', 0.66, ARRAY[]::text[], 'an_apple, turn_it_off', '[]'::jsonb)
on conflict (id) do update set
  family = excluded.family, label = excluded.label, cefr = excluded.cefr, cluster = excluded.cluster,
  difficulty = excluded.difficulty, prerequisites = excluded.prerequisites, exemplar = excluded.exemplar,
  detectors = excluded.detectors;

-- lessons
-- AUTO-GENERATED from packages/core by scripts/gen-seeds.ts — do not edit by hand.
insert into lessons (id, track_id, module_index, lesson_index, title, scenario, cefr, structures, pass_score, target_minutes, system_prompt_template) values
  ('basic.greetings_intro', 'basic', 0, 1, 'Greetings & introductions', 'Meeting someone new at a community event. The coach greets the learner and they introduce themselves.', 'A1', ARRAY[]::text[], 55, 12, NULL),
  ('basic.daily_routine', 'basic', 0, 2, 'My daily routine', 'A friendly chat about the learner''s typical day, morning to night.', 'A1', ARRAY[]::text[], 55, 12, NULL),
  ('basic.ordering_food', 'basic', 0, 3, 'Ordering food', 'At a restaurant. The coach is the waiter; the learner orders a meal politely.', 'A2', ARRAY[]::text[], 55, 12, NULL),
  ('basic.shopping', 'basic', 0, 4, 'Shopping & prices', 'In a shop, asking about items and comparing prices.', 'A2', ARRAY[]::text[], 55, 12, NULL),
  ('basic.directions', 'basic', 0, 5, 'Asking for directions', 'Lost in a new area; the learner asks for and gives directions.', 'A2', ARRAY[]::text[], 55, 12, NULL),
  ('basic.articles_fix', 'basic', 0, 6, 'A, an & the', 'Quick, confidence-building practice using articles in everyday sentences.', 'A1', ARRAY[]::text[], 55, 12, NULL),
  ('basic.stative_fix', 'basic', 0, 7, 'Verbs you don''t say with -ing', 'Practice using know, want, like and other stative verbs correctly.', 'A2', ARRAY[]::text[], 55, 12, NULL),
  ('inter.interview_intro', 'intermediate', 0, 1, 'Interview introduction', 'A job interview. The coach is the interviewer and asks the learner to introduce themselves and their experience.', 'B1', ARRAY[]::text[], 65, 12, NULL),
  ('inter.workplace_meeting', 'intermediate', 0, 2, 'Speaking up in a meeting', 'A team meeting where the learner shares an update and an opinion.', 'B1', ARRAY[]::text[], 65, 12, NULL),
  ('inter.phone_support', 'intermediate', 0, 3, 'Customer support call', 'The learner handles a customer support call, clarifying the issue.', 'B1', ARRAY[]::text[], 65, 12, NULL),
  ('inter.storytelling', 'intermediate', 0, 4, 'Telling a story', 'The learner narrates something that happened to them last week.', 'B1', ARRAY[]::text[], 65, 12, NULL),
  ('inter.opinions', 'intermediate', 0, 5, 'Giving & justifying opinions', 'A friendly debate where the learner gives an opinion and explains why.', 'B1', ARRAY[]::text[], 65, 12, NULL),
  ('adv.presentation', 'advanced', 0, 1, 'Giving a presentation', 'The learner delivers a short structured presentation to the coach.', 'B2', ARRAY[]::text[], 75, 12, NULL),
  ('adv.negotiation', 'advanced', 0, 2, 'Negotiating politely', 'A sales negotiation; the learner disagrees and hedges politely to reach a deal.', 'B2', ARRAY[]::text[], 75, 12, NULL),
  ('adv.conditionals', 'advanced', 0, 3, 'Hypotheticals & conditionals', 'A reflective conversation using "if I had…" style hypotheticals.', 'C1', ARRAY[]::text[], 75, 12, NULL)
on conflict (id) do update set
  track_id = excluded.track_id, module_index = excluded.module_index, lesson_index = excluded.lesson_index,
  title = excluded.title, scenario = excluded.scenario, cefr = excluded.cefr, structures = excluded.structures,
  pass_score = excluded.pass_score, target_minutes = excluded.target_minutes,
  system_prompt_template = excluded.system_prompt_template;

-- lesson_target_skills
-- AUTO-GENERATED from packages/core by scripts/gen-seeds.ts — do not edit by hand.
insert into lesson_target_skills (lesson_id, skill_id, weight) values
  ('basic.greetings_intro', 'fn.greetings', 1),
  ('basic.greetings_intro', 'fn.self_intro', 1),
  ('basic.greetings_intro', 'gr.present_simple', 1),
  ('basic.daily_routine', 'lex.daily_routine', 1),
  ('basic.daily_routine', 'gr.present_simple', 1),
  ('basic.daily_routine', 'gr.prep_time', 1),
  ('basic.ordering_food', 'lex.food', 1),
  ('basic.ordering_food', 'fn.make_requests', 1),
  ('basic.ordering_food', 'gr.modal_permission', 1),
  ('basic.shopping', 'lex.shopping_money', 1),
  ('basic.shopping', 'gr.comparatives', 1),
  ('basic.shopping', 'fn.make_requests', 1),
  ('basic.directions', 'fn.give_directions', 1),
  ('basic.directions', 'gr.prep_movement', 1),
  ('basic.directions', 'gr.imperatives', 1),
  ('basic.articles_fix', 'gr.articles', 1),
  ('basic.articles_fix', 'gr.countability', 1),
  ('basic.stative_fix', 'gr.stative_verbs', 1),
  ('basic.stative_fix', 'gr.present_continuous', 1),
  ('inter.interview_intro', 'lex.interview', 1),
  ('inter.interview_intro', 'fn.self_intro', 1),
  ('inter.interview_intro', 'gr.present_perfect', 1),
  ('inter.workplace_meeting', 'lex.meetings', 1),
  ('inter.workplace_meeting', 'fn.give_opinion', 1),
  ('inter.workplace_meeting', 'fn.agree', 1),
  ('inter.phone_support', 'lex.telephone', 1),
  ('inter.phone_support', 'lex.customer_support', 1),
  ('inter.phone_support', 'fn.clarify', 1),
  ('inter.storytelling', 'fn.narrate_past_event', 1),
  ('inter.storytelling', 'gr.past_simple', 1),
  ('inter.storytelling', 'gr.past_continuous', 1),
  ('inter.opinions', 'fn.give_opinion', 1),
  ('inter.opinions', 'fn.justify_opinion', 1),
  ('inter.opinions', 'gr.subordinating_conjunctions', 1),
  ('adv.presentation', 'fn.signpost_presentation', 1),
  ('adv.presentation', 'fn.summarize', 1),
  ('adv.presentation', 'ph.word_stress', 1),
  ('adv.negotiation', 'lex.sales', 1),
  ('adv.negotiation', 'fn.disagree_politely', 1),
  ('adv.negotiation', 'fn.hedge', 1),
  ('adv.conditionals', 'gr.conditional_second', 1),
  ('adv.conditionals', 'gr.conditional_third', 1)
on conflict (lesson_id, skill_id) do update set weight = excluded.weight;

-- l1_transfer_rules
-- AUTO-GENERATED from packages/core by scripts/gen-seeds.ts — do not edit by hand.
insert into l1_transfer_rules (id, l1, category, skill_id, title, cause, triggers, explanations, contrast, example_errors) values
  ('hi.article_omission', 'Hindi', 'grammar', 'gr.articles', 'Dropping articles (a / an / the)', 'Hindi has no articles, so learners often omit "a", "an", and "the".', '[{"kind":"regex","pattern":"\\b(i am|he is|she is|you are)\\s+(doctor|engineer|teacher|student|nurse|manager|driver)\\b"}]'::jsonb, '{"Hindi":"हिंदी में article नहीं होता, इसलिए a/an/the छूट जाता है। बोलिए: \"I am a doctor\"।"}'::jsonb, '{"l1Form":"main doctor hoon","l2Form":"I am a doctor"}'::jsonb, ARRAY['I am doctor','She is teacher']::text[]),
  ('hi.stative_progressive', 'Hindi', 'grammar', 'gr.stative_verbs', 'Using stative verbs in the -ing form', 'Hindi "main jaan raha hoon" maps to a progressive, but English keeps stative verbs simple.', '[{"kind":"regex","pattern":"\\bi am (knowing|understanding|wanting|liking|needing|believing|meaning)\\b"}]'::jsonb, '{"Hindi":"know, want, like जैसे stative verbs को continuous में नहीं कहते। \"I am knowing\" गलत है — कहिए \"I know\"।"}'::jsonb, '{"l1Form":"main jaanta hoon","l2Form":"I know"}'::jsonb, ARRAY['I am knowing the answer','I am wanting tea']::text[]),
  ('hi.uncountable_plural', 'Hindi', 'grammar', 'gr.countability', 'Pluralising uncountable nouns', 'English uncountable nouns feel countable in Hindi, producing "informations", "furnitures".', '[{"kind":"regex","pattern":"\\b(furnitures|informations|advices|equipments|luggages|softwares)\\b"}]'::jsonb, '{"Hindi":"\"information\", \"furniture\", \"advice\" uncountable हैं — इनका plural नहीं होता। कहिए \"some information\"।"}'::jsonb, '{"l1Form":"bahut saari informations","l2Form":"a lot of information"}'::jsonb, ARRAY['He gave me many informations','We bought new furnitures']::text[]),
  ('hi.universal_tag', 'Hindi', 'pragmatic', 'fn.tag_questions', 'Using "isn''t it?" as a universal tag', 'Hindi "na?" fits every sentence, so learners over-use "isn''t it?" as a catch-all tag.', '[{"kind":"regex","pattern":"isn''?t it\\b"}]'::jsonb, '{"Hindi":"हर वाक्य में \"isn''t it?\" मत लगाइए। Subject और verb के हिसाब से बदलता है: \"You''re coming, aren''t you?\""}'::jsonb, '{"l1Form":"tum aa rahe ho, na?","l2Form":"you''re coming, aren''t you?"}'::jsonb, ARRAY['You will join, isn''t it?','They are ready, isn''t it?']::text[]),
  ('hi.v_w_merge', 'Hindi', 'phonetic', 'ph.v_w_distinction', 'Merging /v/ and /w/', 'Hindi has one sound (व) for both /v/ and /w/, so "vine" and "wine" sound alike.', '[{"kind":"phoneme","pattern":"v~w"}]'::jsonb, '{"Hindi":"/v/ के लिए ऊपर के दाँत नीचे के होंठ पर लगाइए (very); /w/ के लिए होंठ गोल कीजिए (water)।"}'::jsonb, '{"l1Form":"व (one sound)","l2Form":"/v/ very vs /w/ water"}'::jsonb, ARRAY['wery good','I want some vater']::text[]),
  ('ta.article_omission', 'Tamil', 'grammar', 'gr.articles', 'Dropping articles (a / an / the)', 'Tamil has no articles, so "a", "an", and "the" are commonly omitted.', '[{"kind":"regex","pattern":"\\b(i am|he is|she is|you are)\\s+(doctor|engineer|teacher|student|nurse|manager|driver)\\b"}]'::jsonb, '{"Tamil":"தமிழில் article கிடையாது, அதனால் a/an/the விட்டுப்போகும். சொல்லுங்கள்: \"I am an engineer\"."}'::jsonb, '{"l1Form":"naan engineer","l2Form":"I am an engineer"}'::jsonb, ARRAY['I am doctor','She is teacher']::text[]),
  ('ta.sov_residue', 'Tamil', 'grammar', 'gr.word_order', 'Subject-Object-Verb order carried into English', 'Tamil is verb-final (SOV); English is SVO, so the verb sometimes lands at the end.', '[{"kind":"regex","pattern":"\\bi (english|tamil|hindi|telugu|kannada|malayalam|food|tea) (speaking|talking|eating|drinking)\\b"}]'::jsonb, '{"Tamil":"English-ல் verb முன்னால் வரும்: \"I am speaking English\" — \"I English speaking\" அல்ல."}'::jsonb, '{"l1Form":"naan English pesuren","l2Form":"I speak English"}'::jsonb, ARRAY['I English speaking','I food eating now']::text[]),
  ('ta.stative_progressive', 'Tamil', 'grammar', 'gr.stative_verbs', 'Using stative verbs in the -ing form', 'Dravidian aspect lets stative verbs take a continuous form that English does not.', '[{"kind":"regex","pattern":"\\bi am (knowing|understanding|wanting|liking|needing|believing|meaning)\\b"}]'::jsonb, '{"Tamil":"know, want, like போன்ற verbs-ஐ continuous-ல் சொல்லக்கூடாது. \"I am knowing\" தவறு — \"I know\"."}'::jsonb, '{"l1Form":"enakku theriyum","l2Form":"I know"}'::jsonb, ARRAY['I am knowing the answer','I am wanting tea']::text[]),
  ('ta.uncountable_plural', 'Tamil', 'grammar', 'gr.countability', 'Pluralising uncountable nouns', 'Some English uncountable nouns feel countable, producing "informations", "furnitures".', '[{"kind":"regex","pattern":"\\b(furnitures|informations|advices|equipments|luggages|softwares)\\b"}]'::jsonb, '{"Tamil":"\"information\", \"furniture\", \"advice\" uncountable — இவற்றுக்கு plural இல்லை. \"some information\"."}'::jsonb, '{"l1Form":"romba informations","l2Form":"a lot of information"}'::jsonb, ARRAY['He gave me many informations','We bought new furnitures']::text[]),
  ('ta.universal_tag', 'Tamil', 'pragmatic', 'fn.tag_questions', 'Using "isn''t it?" as a universal tag', 'A single Tamil tag fits everything, so "isn''t it?" gets over-used.', '[{"kind":"regex","pattern":"isn''?t it\\b"}]'::jsonb, '{"Tamil":"எல்லா வாக்கியத்திலும் \"isn''t it?\" சேர்க்க வேண்டாம். Subject, verb-ஐ பொறுத்து மாறும்: \"You''re coming, aren''t you?\""}'::jsonb, '{"l1Form":"varuvinga, illaya?","l2Form":"you''re coming, aren''t you?"}'::jsonb, ARRAY['You will join, isn''t it?','They are ready, isn''t it?']::text[]),
  ('ta.retroflex_stops', 'Tamil', 'phonetic', 'ph.retroflex_t_d', 'Retroflex /t/ /d/ for English alveolar', 'Tamil uses retroflex stops where English uses alveolar /t/ /d/.', '[{"kind":"phoneme","pattern":"t~d-retroflex"}]'::jsonb, '{"Tamil":"English /t/, /d/ — நாக்கை அண்ணத்தில் வைக்காமல், பல் பின்னால் லேசாக வையுங்கள். \"time\", \"day\"."}'::jsonb, '{"l1Form":"ட/ட் (retroflex)","l2Form":"alveolar t / d"}'::jsonb, ARRAY[' time','day']::text[]),
  ('te.article_omission', 'Telugu', 'grammar', 'gr.articles', 'Dropping articles (a / an / the)', 'Telugu has no articles, so "a", "an", and "the" are commonly omitted.', '[{"kind":"regex","pattern":"\\b(i am|he is|she is|you are)\\s+(doctor|engineer|teacher|student|nurse|manager|driver)\\b"}]'::jsonb, '{"Telugu":"తెలుగులో article ఉండదు, అందుకే a/an/the వదిలేస్తారు. చెప్పండి: \"I am an engineer\"."}'::jsonb, '{"l1Form":"nenu engineer","l2Form":"I am an engineer"}'::jsonb, ARRAY['I am doctor','She is teacher']::text[]),
  ('te.sov_residue', 'Telugu', 'grammar', 'gr.word_order', 'Subject-Object-Verb order carried into English', 'Telugu is verb-final (SOV); English is SVO, so the verb can land at the end.', '[{"kind":"regex","pattern":"\\bi (english|tamil|hindi|telugu|kannada|malayalam|food|tea) (speaking|talking|eating|drinking)\\b"}]'::jsonb, '{"Telugu":"English-లో verb ముందు వస్తుంది: \"I am speaking English\" — \"I English speaking\" కాదు."}'::jsonb, '{"l1Form":"nenu English maatladtanu","l2Form":"I speak English"}'::jsonb, ARRAY['I English speaking','I food eating now']::text[]),
  ('te.stative_progressive', 'Telugu', 'grammar', 'gr.stative_verbs', 'Using stative verbs in the -ing form', 'Dravidian aspect allows a continuous form for stative verbs that English does not.', '[{"kind":"regex","pattern":"\\bi am (knowing|understanding|wanting|liking|needing|believing|meaning)\\b"}]'::jsonb, '{"Telugu":"know, want, like లాంటి verbs ను continuous లో చెప్పకూడదు. \"I am knowing\" తప్పు — \"I know\"."}'::jsonb, '{"l1Form":"naaku telusu","l2Form":"I know"}'::jsonb, ARRAY['I am knowing the answer','I am wanting tea']::text[]),
  ('te.uncountable_plural', 'Telugu', 'grammar', 'gr.countability', 'Pluralising uncountable nouns', 'Some English uncountable nouns feel countable, producing "informations", "furnitures".', '[{"kind":"regex","pattern":"\\b(furnitures|informations|advices|equipments|luggages|softwares)\\b"}]'::jsonb, '{"Telugu":"\"information\", \"furniture\", \"advice\" uncountable — వీటికి plural ఉండదు. \"some information\"."}'::jsonb, '{"l1Form":"chala informations","l2Form":"a lot of information"}'::jsonb, ARRAY['He gave me many informations','We bought new furnitures']::text[]),
  ('te.universal_tag', 'Telugu', 'pragmatic', 'fn.tag_questions', 'Using "isn''t it?" as a universal tag', 'A single Telugu tag fits everything, so "isn''t it?" gets over-used.', '[{"kind":"regex","pattern":"isn''?t it\\b"}]'::jsonb, '{"Telugu":"ప్రతి వాక్యంలో \"isn''t it?\" పెట్టకండి. Subject, verb బట్టి మారుతుంది: \"You''re coming, aren''t you?\""}'::jsonb, '{"l1Form":"vastunnaru kada?","l2Form":"you''re coming, aren''t you?"}'::jsonb, ARRAY['You will join, isn''t it?','They are ready, isn''t it?']::text[]),
  ('te.theta', 'Telugu', 'phonetic', 'ph.theta_voiceless', 'The TH sound /θ/', 'Telugu has no /θ/, so "think" becomes "tink".', '[{"kind":"phoneme","pattern":"theta"}]'::jsonb, '{"Telugu":"\"think\", \"three\" లో /θ/ — నాలుకను పళ్ళ మధ్య పెట్టి గాలి వదలండి. \"t\" కాదు."}'::jsonb, '{"l1Form":"ట (t)","l2Form":"/θ/ think"}'::jsonb, ARRAY['tink','tree (three)']::text[]),
  ('kn.article_omission', 'Kannada', 'grammar', 'gr.articles', 'Dropping articles (a / an / the)', 'Kannada has no articles, so "a", "an", and "the" are commonly omitted.', '[{"kind":"regex","pattern":"\\b(i am|he is|she is|you are)\\s+(doctor|engineer|teacher|student|nurse|manager|driver)\\b"}]'::jsonb, '{"Kannada":"ಕನ್ನಡದಲ್ಲಿ article ಇಲ್ಲ, ಆದ್ದರಿಂದ a/an/the ಬಿಟ್ಟುಹೋಗುತ್ತದೆ. ಹೇಳಿ: \"I am an engineer\"."}'::jsonb, '{"l1Form":"naanu engineer","l2Form":"I am an engineer"}'::jsonb, ARRAY['I am doctor','She is teacher']::text[]),
  ('kn.sov_residue', 'Kannada', 'grammar', 'gr.word_order', 'Subject-Object-Verb order carried into English', 'Kannada is verb-final (SOV); English is SVO, so the verb can land at the end.', '[{"kind":"regex","pattern":"\\bi (english|tamil|hindi|telugu|kannada|malayalam|food|tea) (speaking|talking|eating|drinking)\\b"}]'::jsonb, '{"Kannada":"English-ನಲ್ಲಿ verb ಮೊದಲು ಬರುತ್ತದೆ: \"I am speaking English\" — \"I English speaking\" ಅಲ್ಲ."}'::jsonb, '{"l1Form":"naanu English maataduttene","l2Form":"I speak English"}'::jsonb, ARRAY['I English speaking','I food eating now']::text[]),
  ('kn.stative_progressive', 'Kannada', 'grammar', 'gr.stative_verbs', 'Using stative verbs in the -ing form', 'Dravidian aspect allows a continuous form for stative verbs that English does not.', '[{"kind":"regex","pattern":"\\bi am (knowing|understanding|wanting|liking|needing|believing|meaning)\\b"}]'::jsonb, '{"Kannada":"know, want, like ಮುಂತಾದ verbs ಅನ್ನು continuous ನಲ್ಲಿ ಹೇಳಬಾರದು. \"I am knowing\" ತಪ್ಪು — \"I know\"."}'::jsonb, '{"l1Form":"nanage gottu","l2Form":"I know"}'::jsonb, ARRAY['I am knowing the answer','I am wanting tea']::text[]),
  ('kn.uncountable_plural', 'Kannada', 'grammar', 'gr.countability', 'Pluralising uncountable nouns', 'Some English uncountable nouns feel countable, producing "informations", "furnitures".', '[{"kind":"regex","pattern":"\\b(furnitures|informations|advices|equipments|luggages|softwares)\\b"}]'::jsonb, '{"Kannada":"\"information\", \"furniture\", \"advice\" uncountable — ಇವುಗಳಿಗೆ plural ಇಲ್ಲ. \"some information\"."}'::jsonb, '{"l1Form":"thumba informations","l2Form":"a lot of information"}'::jsonb, ARRAY['He gave me many informations','We bought new furnitures']::text[]),
  ('kn.universal_tag', 'Kannada', 'pragmatic', 'fn.tag_questions', 'Using "isn''t it?" as a universal tag', 'A single Kannada tag fits everything, so "isn''t it?" gets over-used.', '[{"kind":"regex","pattern":"isn''?t it\\b"}]'::jsonb, '{"Kannada":"ಪ್ರತಿ ವಾಕ್ಯದಲ್ಲೂ \"isn''t it?\" ಹಾಕಬೇಡಿ. Subject, verb ಆಧಾರದ ಮೇಲೆ ಬದಲಾಗುತ್ತದೆ: \"You''re coming, aren''t you?\""}'::jsonb, '{"l1Form":"baruttira, alva?","l2Form":"you''re coming, aren''t you?"}'::jsonb, ARRAY['You will join, isn''t it?','They are ready, isn''t it?']::text[]),
  ('kn.theta', 'Kannada', 'phonetic', 'ph.theta_voiceless', 'The TH sound /θ/', 'Kannada has no /θ/, so "think" becomes "tink".', '[{"kind":"phoneme","pattern":"theta"}]'::jsonb, '{"Kannada":"\"think\" ನಲ್ಲಿ /θ/ — ನಾಲಿಗೆಯನ್ನು ಹಲ್ಲುಗಳ ನಡುವೆ ಇಟ್ಟು ಗಾಳಿ ಬಿಡಿ. \"t\" ಅಲ್ಲ."}'::jsonb, '{"l1Form":"ಟ (t)","l2Form":"/θ/ think"}'::jsonb, ARRAY['tink','tree (three)']::text[]),
  ('ml.article_omission', 'Malayalam', 'grammar', 'gr.articles', 'Dropping articles (a / an / the)', 'Malayalam has no articles, so "a", "an", and "the" are commonly omitted.', '[{"kind":"regex","pattern":"\\b(i am|he is|she is|you are)\\s+(doctor|engineer|teacher|student|nurse|manager|driver)\\b"}]'::jsonb, '{"Malayalam":"മലയാളത്തിൽ article ഇല്ല, അതുകൊണ്ട് a/an/the വിട്ടുപോകുന്നു. പറയൂ: \"I am an engineer\"."}'::jsonb, '{"l1Form":"njaan engineer","l2Form":"I am an engineer"}'::jsonb, ARRAY['I am doctor','She is teacher']::text[]),
  ('ml.sov_residue', 'Malayalam', 'grammar', 'gr.word_order', 'Subject-Object-Verb order carried into English', 'Malayalam is verb-final (SOV); English is SVO, so the verb can land at the end.', '[{"kind":"regex","pattern":"\\bi (english|tamil|hindi|telugu|kannada|malayalam|food|tea) (speaking|talking|eating|drinking)\\b"}]'::jsonb, '{"Malayalam":"English-ൽ verb മുന്നിൽ വരും: \"I am speaking English\" — \"I English speaking\" അല്ല."}'::jsonb, '{"l1Form":"njaan English samsaarikkunnu","l2Form":"I speak English"}'::jsonb, ARRAY['I English speaking','I food eating now']::text[]),
  ('ml.stative_progressive', 'Malayalam', 'grammar', 'gr.stative_verbs', 'Using stative verbs in the -ing form', 'Dravidian aspect allows a continuous form for stative verbs that English does not.', '[{"kind":"regex","pattern":"\\bi am (knowing|understanding|wanting|liking|needing|believing|meaning)\\b"}]'::jsonb, '{"Malayalam":"know, want, like പോലുള്ള verbs continuous-ൽ പറയരുത്. \"I am knowing\" തെറ്റാണ് — \"I know\"."}'::jsonb, '{"l1Form":"enikku ariyaam","l2Form":"I know"}'::jsonb, ARRAY['I am knowing the answer','I am wanting tea']::text[]),
  ('ml.uncountable_plural', 'Malayalam', 'grammar', 'gr.countability', 'Pluralising uncountable nouns', 'Some English uncountable nouns feel countable, producing "informations", "furnitures".', '[{"kind":"regex","pattern":"\\b(furnitures|informations|advices|equipments|luggages|softwares)\\b"}]'::jsonb, '{"Malayalam":"\"information\", \"furniture\", \"advice\" uncountable — ഇവയ്ക്ക് plural ഇല്ല. \"some information\"."}'::jsonb, '{"l1Form":"orupaad informations","l2Form":"a lot of information"}'::jsonb, ARRAY['He gave me many informations','We bought new furnitures']::text[]),
  ('ml.universal_tag', 'Malayalam', 'pragmatic', 'fn.tag_questions', 'Using "isn''t it?" as a universal tag', 'A single Malayalam tag fits everything, so "isn''t it?" gets over-used.', '[{"kind":"regex","pattern":"isn''?t it\\b"}]'::jsonb, '{"Malayalam":"എല്ലാ വാക്യത്തിലും \"isn''t it?\" ചേർക്കരുത്. Subject, verb അനുസരിച്ച് മാറും: \"You''re coming, aren''t you?\""}'::jsonb, '{"l1Form":"varunnille?","l2Form":"you''re coming, aren''t you?"}'::jsonb, ARRAY['You will join, isn''t it?','They are ready, isn''t it?']::text[]),
  ('ml.theta', 'Malayalam', 'phonetic', 'ph.theta_voiceless', 'The TH sound /θ/', 'Malayalam has no /θ/, so "think" becomes "tink".', '[{"kind":"phoneme","pattern":"theta"}]'::jsonb, '{"Malayalam":"\"think\"-ൽ /θ/ — നാവ് പല്ലുകൾക്കിടയിൽ വെച്ച് കാറ്റ് വിടൂ. \"t\" അല്ല."}'::jsonb, '{"l1Form":"ട (t)","l2Form":"/θ/ think"}'::jsonb, ARRAY['tink','tree (three)']::text[])
on conflict (id) do update set
  l1 = excluded.l1, category = excluded.category, skill_id = excluded.skill_id, title = excluded.title,
  cause = excluded.cause, triggers = excluded.triggers, explanations = excluded.explanations,
  contrast = excluded.contrast, example_errors = excluded.example_errors;
